# 	par	q2	pt_low	pt_high	order
# 	pi0	0.2	1.0	5.0	2
cme	y	pt	dN
200.0	3.3	1.0	0.07057173798531018
200.0	3.3	1.5	0.0056630767558584014
200.0	3.3	2.0	0.0005245268102693165
200.0	3.3	2.5	5.773235838995658e-05
200.0	3.3	3.0	3.510068366199068e-06
200.0	3.3	3.5	-1.6797484824886064e-06
200.0	3.3	4.0	-1.1747586345545972e-06
200.0	3.3	4.5	-5.179808871861829e-07
