# 	par	q2	pt_low	pt_high	order
# 	pi0	0.2	1.0	5.0	2
cme	y	pt	dN
200.0	3.3	1.0	0.023935736588368742
200.0	3.3	1.5	0.0020162072186410336
200.0	3.3	2.0	0.00019670580725186074
200.0	3.3	2.5	2.1794177250206854e-05
200.0	3.3	3.0	9.76899758548782e-07
200.0	3.3	3.5	-2.453365839900439e-07
200.0	3.3	4.0	-6.227763030119671e-07
200.0	3.3	4.5	1.0666471352677512e-07
