x,f2 (experimental),f2 (statistical experimental error),f2 (systematic experimental error),,f2 (calculated),f2 (normalized)
0.00237,1.09,0.13,0.13,0.1838477631,3.961462275,1.237956961
0.00421,1.19,0.14,0.12,0.1843908891,3.19465731,0.9983304092
0.0075,0.7,0.08,0.06,0.1,2.54138463,0.7941826967
0.0133,0.71,0.07,0.08,0.1063014581,2.255435131,0.7048234784