x,f2 (experimental),f2 (statistical experimental error),f2 (systematic experimental error),,f2 (calculated),f2 (normalized)
0.00133,1.46,0.1,0.12,0.1562049935,4.141828944,1.380609648
0.00237,1.08,0.08,0.09,0.1204159458,3.400898628,1.133632876
0.00421,1,0.07,0.09,0.1140175425,2.765487118,0.9218290392
0.0075,0.65,0.06,0.08,0.1,2.221071047,0.7403570155
0.0133,0.66,0.06,0.08,0.1,1.981018843,0.6603396144
0.0237,0.52,0.05,0.07,0.08602325267,1.981018843,0.6603396144
0.0422,0.4,0.05,0.08,0.09433981132,1.981018843,0.6603396144