x,f2 (experimental),f2 (statistical experimental error),f2 (systematic experimental error),,f2 (calculated),f2 (normalized)
0.00237,1.4,0.11,0.11,0.1555634919,3.703571381,1.371693104
0.00421,1.09,0.09,0.09,0.1272792206,2.998123702,1.110416186
0.0075,0.95,0.08,0.11,0.1360147051,2.393803854,0.8865940201
0.0133,0.69,0.08,0.07,0.1063014581,2.129127745,0.7885658315