# run 1	fitting algorithm: pow
x0	lamb	sigma
0.0001	0.2	10.0
6.51708091008328e-05	0.29850683937938577	9.480433111929296
# time: 4.241902231772741 hours
