# run 3	fitting algorithm: pow
x0	lamb	sigma
2.469e-05	0.282164	11.4115
4.7972853384746435e-05	0.3326146178849643	11.113491945705016
# time: 0.7556617202361425 hours
