qsq0	c^2	gamma	ec	filename
0.10965029546	5.5878998533	1.	1.	mv_fit.csv
